ID, APIName, Position, Balanced(0:yes#1:no), Pattern, GTransactionCnt, GlobSupport, LocSupport, SortingSupport
13,java.util.zip.ZipOutputStream:write(byte[]:int:int),0,0,java.util.zip.ZipOutputStream:write(byte:int:int)#ARGUMENT_PATTERNS#GEN_EQUALITY_CHECK#(0)&&,117,0.72,0,0.72
142,java.util.TreeSet:size(),1,0,java.util.TreeSet:size()#RETURN_PATTERNS#GEN_EQUALITY_CHECK#(1)&&,113,0.5,0,0.5
142,java.util.TreeSet:size(),0,1,java.util.TreeSet:comparator()#RETURN_PATTERNS#RETVAL_EQUALITY_CHECK#(0)&&,113,0.22,0.66,0.5
142,java.util.TreeSet:size(),0,1,java.util.TreeMap:comparator()#RETURN_PATTERNS#RETVAL_EQUALITY_CHECK#(0)&&java.util.TreeMap:size()#RETURN_PATTERNS#GEN_EQUALITY_CHECK#(0)&&java.util.TreeSet:comparator()#RETURN_PATTERNS#RETVAL_EQUALITY_CHECK#(0)&&,113,0.05,0.26,0.5
80,java.util.Comparator:compare(<Value>:<Value>),1,0,java.util.Comparator:compare(MULTICURRTYPES:MULTICURRTYPES)#RETURN_PATTERNS#GEN_EQUALITY_CHECK#(1)&&,105,0.95,0,0.95
105,java.util.Collection:size(),1,0,java.util.Collection:size()#RETURN_PATTERNS#GEN_EQUALITY_CHECK#(1)&&,135,0.5,0,0.5
105,java.util.Collection:size(),0,1,java.util.Collection:isEmpty()#RETURN_PATTERNS#TRUE_FALSE_CHECK#(0)&&,135,0.04,0.39,0.5
111,java.util.Collection:containsAll(<Value>),0,0,java.util.Collection:size()#RETURN_PATTERNS#GEN_EQUALITY_CHECK#(0)&&java.util.Collection:isEmpty()#RETURN_PATTERNS#TRUE_FALSE_CHECK#(0)&&java.util.Collection:contains(javax.slee.SbbLocalObject)#RETURN_PATTERNS#TRUE_FALSE_CHECK#(0)&&,2,0.5,0,0.5
97,java.util.ArrayList:size(),1,0,java.util.ArrayList:size()#RETURN_PATTERNS#GEN_EQUALITY_CHECK#(1)&&,270,0.81,0,0.81
97,java.util.ArrayList:size(),0,1,java.util.Iterator:hasNext()#RETURN_PATTERNS#TRUE_FALSE_CHECK#(0)&&,270,0.04,0.29,0.81
97,java.util.ArrayList:size(),0,1,java.util.ArrayList:isEmpty()#RETURN_PATTERNS#TRUE_FALSE_CHECK#(0)&&,270,0.01,0.33,0.81
99,java.util.ArrayList:get(int),0,0,java.util.ArrayList:size()#RETURN_PATTERNS#GEN_EQUALITY_CHECK#(0)&&,166,0.84,0,0.84
99,java.util.ArrayList:get(int),0,1,java.util.ArrayList:get(int)#ARGUMENT_PATTERNS#GEN_EQUALITY_CHECK#(0)&&,166,0.28,0.57,0.84
104,java.util.ArrayList:indexOf(<Value>),1,0,java.util.ArrayList:indexOf(MULTICURRTYPES)#RETURN_PATTERNS#GEN_EQUALITY_CHECK#(1)&&,7,0.57,0,0.57
58,java.util.Locale:toString(),0,0,java.util.Locale:equals(java.util.Locale)#RETURN_PATTERNS#TRUE_FALSE_CHECK#(0)&&,5,0.4,0,0.4
60,java.util.Iterator:next(),0,0,java.util.Iterator:hasNext()#RETURN_PATTERNS#TRUE_FALSE_CHECK#(0)&&,1243,0.98,0,0.98
60,java.util.Iterator:next(),0,1,java.util.ArrayList:size()#RETURN_PATTERNS#GEN_EQUALITY_CHECK#(0)&&,1243,0,0.6,0.98
61,java.util.Iterator:remove(),0,0,java.util.Iterator:hasNext()#RETURN_PATTERNS#TRUE_FALSE_CHECK#(0)&&,23,0.91,0,0.91
82,java.util.ListIterator:previous(),0,0,java.util.ListIterator:hasPrevious()#RETURN_PATTERNS#TRUE_FALSE_CHECK#(0)&&,159,0.77,0,0.77
82,java.util.ListIterator:previous(),0,1,java.util.ListIterator:hasNext()#RETURN_PATTERNS#TRUE_FALSE_CHECK#(0)&&,159,0.18,0.96,0.77
83,java.util.ListIterator:add(Object),0,0,java.util.ListIterator:hasNext()#RETURN_PATTERNS#TRUE_FALSE_CHECK#(0)&&,39,0.46,0,0.46
83,java.util.ListIterator:add(Object),0,1,java.util.Iterator:hasNext()#RETURN_PATTERNS#TRUE_FALSE_CHECK#(0)&&,39,0.15,0.33,0.46
85,java.util.ListIterator:next(),0,0,java.util.ListIterator:hasNext()#RETURN_PATTERNS#TRUE_FALSE_CHECK#(0)&&,987,0.94,0,0.94
85,java.util.ListIterator:next(),1,1,java.util.ListIterator:next()#RETURN_PATTERNS#GEN_EQUALITY_CHECK#(1)&&,987,0.01,0.2,0.94
86,java.util.ListIterator:nextIndex(),0,0,java.util.ListIterator:hasNext()#RETURN_PATTERNS#TRUE_FALSE_CHECK#(0)&&,18,0.67,0,0.67
86,java.util.ListIterator:nextIndex(),1,1,java.util.ListIterator:nextIndex()#RETURN_PATTERNS#GEN_EQUALITY_CHECK#(1)&&,18,0.56,0.5,0.67
86,java.util.ListIterator:nextIndex(),1,0,java.util.ListIterator:nextIndex()#RETURN_PATTERNS#GEN_EQUALITY_CHECK#(1)&&,18,0.56,0,0.67
86,java.util.ListIterator:nextIndex(),0,1,java.util.ListIterator:hasNext()#RETURN_PATTERNS#TRUE_FALSE_CHECK#(0)&&,18,0.67,0.4,0.67
87,java.util.ListIterator:previousIndex(),0,0,java.util.ListIterator:hasNext()#RETURN_PATTERNS#TRUE_FALSE_CHECK#(0)&&,33,0.82,0,0.82
87,java.util.ListIterator:previousIndex(),0,1,java.util.ListIterator:hasPrevious()#RETURN_PATTERNS#TRUE_FALSE_CHECK#(0)&&,33,0.12,1,0.82
87,java.util.ListIterator:previousIndex(),1,1,java.util.ListIterator:hasPrevious()#RETURN_PATTERNS#TRUE_FALSE_CHECK#(0)&&java.util.ListIterator:previousIndex()#RETURN_PATTERNS#GEN_EQUALITY_CHECK#(1)&&,33,0.06,0.5,0.82
88,java.util.ListIterator:remove(),0,0,java.util.ListIterator:hasNext()#RETURN_PATTERNS#TRUE_FALSE_CHECK#(0)&&,62,0.84,0,0.84
88,java.util.ListIterator:remove(),0,1,java.util.ListIterator:hasPrevious()#RETURN_PATTERNS#TRUE_FALSE_CHECK#(0)&&,62,0.06,1,0.84
89,java.util.ListIterator:set(Object),0,0,java.util.ListIterator:hasNext()#RETURN_PATTERNS#TRUE_FALSE_CHECK#(0)&&,35,0.8,0,0.8
134,java.util.TreeMap:get(<Value>),0,0,java.util.Iterator:hasNext()#RETURN_PATTERNS#TRUE_FALSE_CHECK#(0)&&,204,0.41,0,0.41
134,java.util.TreeMap:get(<Value>),1,1,java.util.TreeMap:get(java.lang.String)#RETURN_PATTERNS#NULL_CHECK#(1)&&,204,0.23,0.42,0.41
134,java.util.TreeMap:get(<Value>),0,1,java.util.TreeMap:containsKey(java.lang.Object)#RETURN_PATTERNS#TRUE_FALSE_CHECK#(0)&&,204,0.15,0.28,0.41
134,java.util.TreeMap:get(<Value>),0,1,java.util.TreeMap:get(java.lang.Object)#ARGUMENT_PATTERNS#METHODARG_TRUE_FALSE_CHECK#(0)&&java.util.TreeMap:containsKey(java.lang.Object)#RETURN_PATTERNS#TRUE_FALSE_CHECK#(0)&&,204,0.15,0.28,0.41
73,java.util.SortedSet:size(),1,0,java.util.SortedSet:size()#RETURN_PATTERNS#GEN_EQUALITY_CHECK#(1)&&,196,0.49,0,0.49
26,java.util.jar.JarInputStream:getNextEntry(),1,0,java.util.jar.JarInputStream:getNextEntry()#RETURN_PATTERNS#NULL_CHECK#(1)&&,33,0.82,0,0.82
27,java.util.jar.JarInputStream:getNextJarEntry(),1,0,java.util.jar.JarInputStream:getNextJarEntry()#RETURN_PATTERNS#NULL_CHECK#(1)&&,75,0.99,0,0.99
28,java.util.jar.JarInputStream:read(byte[]:int:int),1,0,java.util.jar.JarInputStream:read(byte:int:byte.UNKNOWN354)#RETURN_PATTERNS#GEN_EQUALITY_CHECK#(1)&&,27,0.63,0,0.63
114,java.util.Enumeration:nextElement(),0,0,java.util.Enumeration:hasMoreElements()#RETURN_PATTERNS#TRUE_FALSE_CHECK#(0)&&,1042,0.98,0,0.98
114,java.util.Enumeration:nextElement(),0,1,java.util.Hashtable:size()#RETURN_PATTERNS#GEN_EQUALITY_CHECK#(0)&&,1042,0.01,0.8,0.98
131,java.util.Stack:size(),1,0,java.util.Stack:size()#RETURN_PATTERNS#GEN_EQUALITY_CHECK#(1)&&,192,0.85,0,0.85
131,java.util.Stack:size(),0,1,java.util.Stack:isEmpty()#RETURN_PATTERNS#TRUE_FALSE_CHECK#(0)&&,192,0.07,0.6,0.85
14,java.util.zip.ZipInputStream:available(),1,0,java.util.zip.ZipInputStream:available()#RETURN_PATTERNS#GEN_EQUALITY_CHECK#(1)&&,11,0.82,0,0.82
16,java.util.zip.ZipInputStream:closeEntry(),0,0,java.util.zip.ZipInputStream:getNextEntry()#RETURN_PATTERNS#NULL_CHECK#(0)&&,36,0.64,0,0.64
18,java.util.zip.ZipInputStream:getNextEntry(),1,0,java.util.zip.ZipInputStream:getNextEntry()#RETURN_PATTERNS#NULL_CHECK#(1)&&,264,0.76,0,0.76
19,java.util.zip.ZipInputStream:read(byte[]:int:int),1,0,java.util.zip.ZipInputStream:read(byte)#RETURN_PATTERNS#GEN_EQUALITY_CHECK#(1)&&,86,0.79,0,0.79
19,java.util.zip.ZipInputStream:read(byte[]:int:int),0,0,java.util.zip.ZipInputStream:getNextEntry()#RETURN_PATTERNS#NULL_CHECK#(0)&&,86,0.55,0,0.79
19,java.util.zip.ZipInputStream:read(byte[]:int:int),1,0,java.util.zip.ZipInputStream:getNextEntry()#RETURN_PATTERNS#NULL_CHECK#(0)&&java.util.zip.ZipInputStream:read(byte)#RETURN_PATTERNS#GEN_EQUALITY_CHECK#(1)&&,86,0.53,0,0.79
116,java.util.List:indexOf(<Value>),1,0,java.util.List:indexOf(java.lang.Object)#RETURN_PATTERNS#GEN_EQUALITY_CHECK#(1)&&,16,0.56,0,0.56
116,java.util.List:indexOf(<Value>),0,1,java.util.List:indexOf(MULTICURRTYPES)#ARGUMENT_PATTERNS#NULL_CHECK#(0)&&,16,0.13,0.29,0.56
116,java.util.List:indexOf(<Value>),0,1,java.util.Iterator:hasNext()#RETURN_PATTERNS#TRUE_FALSE_CHECK#(0)&&,16,0.13,0.29,0.56
123,java.util.List:get(int),0,0,java.util.List:size()#RETURN_PATTERNS#GEN_EQUALITY_CHECK#(0)&&,423,0.72,0,0.72
123,java.util.List:get(int),0,1,java.util.Iterator:hasNext()#RETURN_PATTERNS#TRUE_FALSE_CHECK#(0)&&,423,0.04,0.21,0.72
124,java.util.List:remove(int),0,0,java.util.List:size()#RETURN_PATTERNS#GEN_EQUALITY_CHECK#(0)&&,63,0.44,0,0.44
124,java.util.List:remove(int),0,1,java.util.List:remove(org.mindswap.swoop.change.SwoopChange)#ARGUMENT_PATTERNS#NULL_CHECK#(0)&&,63,0.16,0.33,0.44
127,java.util.List:size(),1,0,java.util.List:size()#RETURN_PATTERNS#GEN_EQUALITY_CHECK#(1)&&,533,0.79,0,0.79
127,java.util.List:size(),0,1,java.util.List:isEmpty()#RETURN_PATTERNS#TRUE_FALSE_CHECK#(0)&&,533,0.02,0.39,0.79
128,java.util.List:subList(int:int),0,0,java.util.List:size()#RETURN_PATTERNS#GEN_EQUALITY_CHECK#(0)&&,4,0.5,0,0.5
30,java.util.regex.Matcher:group(int),0,0,java.util.regex.Matcher:find()#RETURN_PATTERNS#TRUE_FALSE_CHECK#(0)&&,1088,0.6,0,0.6
30,java.util.regex.Matcher:group(int),0,1,java.util.regex.Matcher:matches()#RETURN_PATTERNS#TRUE_FALSE_CHECK#(0)&&,1088,0.26,0.88,0.6
31,java.util.regex.Matcher:start(),0,0,java.util.regex.Matcher:find()#RETURN_PATTERNS#TRUE_FALSE_CHECK#(0)&&,163,0.87,0,0.87
31,java.util.regex.Matcher:start(),1,1,java.util.regex.Matcher:start(int)#RETURN_PATTERNS#GEN_EQUALITY_CHECK#(1)&&,163,0.14,0.56,0.87
31,java.util.regex.Matcher:start(),0,1,java.util.regex.Matcher:matches()#RETURN_PATTERNS#TRUE_FALSE_CHECK#(0)&&,163,0.02,0.33,0.87
32,java.util.regex.Matcher:end(),0,0,java.util.regex.Matcher:find()#RETURN_PATTERNS#TRUE_FALSE_CHECK#(0)&&,142,0.8,0,0.8
32,java.util.regex.Matcher:end(),0,1,java.util.regex.Matcher:lookingAt()#RETURN_PATTERNS#TRUE_FALSE_CHECK#(0)&&,142,0.04,0.31,0.8
32,java.util.regex.Matcher:end(),0,1,java.util.regex.Matcher:matches()#RETURN_PATTERNS#TRUE_FALSE_CHECK#(0)&&,142,0.03,0.25,0.8
37,java.util.regex.Matcher:appendReplacement(StringBuffer:String),0,0,java.util.regex.Matcher:find()#RETURN_PATTERNS#TRUE_FALSE_CHECK#(0)&&,52,0.85,0,0.85
37,java.util.regex.Matcher:appendReplacement(StringBuffer:String),0,1,java.util.regex.Matcher:matches()#RETURN_PATTERNS#TRUE_FALSE_CHECK#(0)&&,52,0.06,1,0.85
39,java.util.regex.Matcher:groupCount(),1,0,java.util.regex.Matcher:groupCount()#RETURN_PATTERNS#GEN_EQUALITY_CHECK#(1)&&,54,0.91,0,0.91
39,java.util.regex.Matcher:groupCount(),0,1,java.util.regex.Matcher:find()#RETURN_PATTERNS#TRUE_FALSE_CHECK#(0)&&,54,0.37,0.3,0.91
43,java.util.regex.Matcher:replaceFirst(String),0,0,java.util.regex.Matcher:find()#RETURN_PATTERNS#TRUE_FALSE_CHECK#(0)&&,24,0.5,0,0.5
43,java.util.regex.Matcher:replaceFirst(String),0,1,java.util.regex.Matcher:matches()#RETURN_PATTERNS#TRUE_FALSE_CHECK#(0)&&,24,0.08,0.67,0.5
