ID, APIName, Pattern, Support, HasAndPatterns, UsedForDefectDetection
18829,"org.columba.ristretto.imap.IMAPProtocol,fetchFlags(org.columba.ristretto.imap.SequenceSet)",18829.709.0,1.0,1,0
17019,"org.columba.ristretto.message.StreamableMimePart,getParent()",17019.623.1,1.0,1,0
262,"javax.swing.event.EventListenerList,getListenerList()",262.19.1,1.0,1,0
5592,"java.awt.Component,getParent()",5592.217.1,1.0,1,0
7902,"javax.swing.DefaultListModel,indexOf(java.lang.String)",7902.312.0,1.0,1,0
7901,"javax.swing.DefaultListModel,setElementAt(java.lang.String,int)",7901.313.0 && 7901.314.0 && ,1.0,1,1
388,"javax.swing.JFileChooser,showOpenDialog(javax.swing.JFrame)",388.23.1,1.0,1,0
5684,"javax.swing.Icon,getIconWidth()",5684.245.0,1.0,1,0
5685,"javax.swing.Icon,getIconHeight()",5685.246.0,1.0,1,0
397,"javax.swing.event.TreeSelectionEvent,getNewLeadSelectionPath()",397.25.1,1.0,1,0
7108,"java.beans.PropertyChangeEvent,getNewValue()",7108.286.1,1.0,1,0
496,"java.awt.event.ItemEvent,getStateChange()",496.32.1,1.0,1,0
1115,"java.awt.event.MouseEvent,getButton()",1115.51.1,1.0,1,0
11650,"org.columba.ristretto.message.MailboxInfo,getExists()",11650.460.0,1.0,1,0
18994,"java.lang.CharSequence,subSequence(int,int)",18994.716.0 && 18994.717.0 && ,1.0,1,1
11662,"org.columba.ristretto.message.MailboxInfo,getRecent()",11662.459.0,1.0,1,0
10821,"java.util.regex.Matcher,appendReplacement(java.lang.StringBuffer,java.lang.String)",10821.429.0,1.0,1,0
11672,"org.columba.ristretto.message.MailboxInfo,getUnseen()",11672.461.0 && 11672.462.0 && ,1.0,1,1
17702,"java.util.Date,compareTo(java.util.Date)",17702.662.0,1.0,1,0
2693,"com.miginfocom.calendar.activity.recurrence.ByXXXRuleData,getValues()",2693.134.0,1.0,1,0
4877,"java.io.File,mkdir()",4877.280.0,1.0,1,0
12586,"java.io.ObjectInputStream,readLong()",12586.496.0,1.0,1,0
18881,"org.columba.ristretto.imap.IMAPException,getResponse()",18881.266.1,1.0,1,0
18783,"org.columba.ristretto.imap.IMAPProtocol,close()",18783.704.0,1.0,1,0
3822,"javax.swing.JCheckBox,setEnabled(boolean)",3822.561.0,1.0,1,0
3939,"java.awt.event.MouseEvent,getY()",3939.172.0,1.0,1,0
3938,"java.awt.event.MouseEvent,getX()",3938.171.0,1.0,1,0
3937,"java.awt.event.MouseEvent,getComponent()",3937.37.0,1.0,1,0
18071,"java.awt.dnd.DropTargetDragEvent,getCurrentDataFlavors()",18071.676.1,1.0,1,0
18210,"javax.swing.event.TreeSelectionEvent,getPaths()",18210.684.0,1.0,1,0
18837,"org.columba.ristretto.imap.SequenceSet,add(int,int)",18837.492.0,1.0,1,0
1182,"java.util.logging.Logger,fine(java.lang.String)",1182.170.0,1.0,1,0
1651,"net.wimpi.pim.contact.model.EmailAddress,isType(java.lang.String)",1651.76.0,1.0,1,0
15304,"org.frapuccino.checkablelist.CheckableItemImpl,toString()",15304.578.0,1.0,1,0
15305,"org.frapuccino.checkablelist.CheckableItemImpl,isSelected()",15305.579.0,1.0,1,0
1754,"org.jdom.Element,getValue()",1754.107.0,1.0,1,0
13595,"javax.swing.JTextPane,getSelectedText()",13595.525.1,1.0,1,0
4006,"javax.swing.DefaultListSelectionModel,getAnchorSelectionIndex()",4006.165.0,1.0,1,0
1630,"net.wimpi.pim.contact.model.Contact,getPersonalIdentity()",1630.61.0,1.0,1,0
1634,"net.wimpi.pim.contact.model.PersonalIdentity,listPrefixes()",1634.66.0,1.0,1,0
1638,"net.wimpi.pim.contact.model.PersonalIdentity,listAdditionalNames()",1638.69.0,1.0,1,0
12770,"org.apache.lucene.index.IndexReader,open(org.apache.lucene.store.Directory)",12770.503.0 && 12770.504.0 && ,1.0,1,1
14429,"javax.swing.JRadioButton,setEnabled(boolean)",14429.560.0,1.0,1,0
1776,"org.jdom.Element,getContent()",1776.110.0,1.0,1,0
1640,"net.wimpi.pim.contact.model.PersonalIdentity,listSuffixes()",1640.70.0,1.0,1,0
12789,"org.apache.lucene.search.Hits,doc(int)",12789.506.0,1.0,1,0
19531,"org.waffel.jscf.JSCFResultSet,getErrorStream()",19531.615.0,1.0,1,0
9157,"java.util.zip.ZipInputStream,getNextEntry()",9157.345.1,1.0,1,0
19009,"org.apache.commons.cli.CommandLine,getOptionValue(java.lang.String)",19009.718.0,1.0,1,0
2996,"javax.swing.JFileChooser,showSaveDialog(javax.swing.JFrame)",2996.148.1,1.0,1,0
434,"javax.swing.JFileChooser,getSelectedFiles()",434.26.0,1.0,1,0
19104,"org.columba.ristretto.message.Header,set(java.lang.String,java.lang.String)",19104.458.0,1.0,1,0
829,"javax.swing.event.ListSelectionEvent,getSource()",829.164.0,1.0,1,0
20238,"java.lang.Throwable,getMessage()",20238.387.0,1.0,1,0
13988,"org.frapuccino.htmleditor.event.FormatInfo,isHeading2()",13988.547.0,1.0,1,0
13989,"org.frapuccino.htmleditor.event.FormatInfo,isHeading3()",13989.548.0 && 13989.549.0 && ,1.0,1,1
13991,"org.frapuccino.htmleditor.event.FormatInfo,isAddress()",13991.553.0 && 13991.554.0 && 13991.555.0 && 13991.556.0 && ,1.0,1,1
13991,"org.frapuccino.htmleditor.event.FormatInfo,isAddress()",13991.553.0 && 13991.555.0 && 13991.556.0 && ,1.0,1,1
13991,"org.frapuccino.htmleditor.event.FormatInfo,isAddress()",13991.553.0 && 13991.554.0 && 13991.555.0 && ,1.0,1,1
13991,"org.frapuccino.htmleditor.event.FormatInfo,isAddress()",13991.553.0 && 13991.554.0 && 13991.556.0 && ,1.0,1,1
13991,"org.frapuccino.htmleditor.event.FormatInfo,isAddress()",13991.554.0 && 13991.555.0 && 13991.556.0 && ,1.0,1,1
13991,"org.frapuccino.htmleditor.event.FormatInfo,isAddress()",13991.553.0 && 13991.555.0 && ,1.0,1,1
13991,"org.frapuccino.htmleditor.event.FormatInfo,isAddress()",13991.554.0 && 13991.556.0 && ,1.0,1,1
13991,"org.frapuccino.htmleditor.event.FormatInfo,isAddress()",13991.553.0 && 13991.556.0 && ,1.0,1,1
13991,"org.frapuccino.htmleditor.event.FormatInfo,isAddress()",13991.555.0 && 13991.556.0 && ,1.0,1,1
13991,"org.frapuccino.htmleditor.event.FormatInfo,isAddress()",13991.554.0 && 13991.555.0 && ,1.0,1,1
13991,"org.frapuccino.htmleditor.event.FormatInfo,isAddress()",13991.553.0 && 13991.554.0 && ,1.0,1,1
13990,"org.frapuccino.htmleditor.event.FormatInfo,isPreformattet()",13990.550.0 && 13990.551.0 && 13990.552.0 && ,1.0,1,1
13990,"org.frapuccino.htmleditor.event.FormatInfo,isPreformattet()",13990.550.0 && 13990.551.0 && ,1.0,1,1
13990,"org.frapuccino.htmleditor.event.FormatInfo,isPreformattet()",13990.550.0 && 13990.552.0 && ,1.0,1,1
13990,"org.frapuccino.htmleditor.event.FormatInfo,isPreformattet()",13990.551.0 && 13990.552.0 && ,1.0,1,1
20240,"java.lang.Throwable,printStackTrace()",20240.388.0,1.0,1,0
6928,"java.util.Enumeration,nextElement()",6928.58.0,0.9714285714285714,1,0
1709,"org.jdom.Element,getChild(java.lang.String)",1709.104.1,0.96875,1,0
6298,"javax.swing.JComboBox,getSelectedIndex()",6298.47.0,0.9615384615384616,1,0
273,"java.util.Iterator,next()",273.1.0,0.9521739130434783,1,1
11852,"org.columba.ristretto.message.MimeHeader,getContentParameter(java.lang.String)",11852.446.1,0.9090909090909091,1,0
4661,"java.util.Iterator,remove()",4661.151.0,0.9,1,0
1764,"org.jdom.Element,getText()",1764.109.0,0.8571428571428571,1,0
318,"java.io.BufferedReader,readLine()",318.20.1,0.84,1,0
4915,"java.util.Hashtable,containsKey(java.lang.String)",4915.303.0,0.8333333333333334,1,0
1204,"java.util.List,get(int)",1204.14.0,0.8051948051948052,1,1
11538,"java.util.regex.Matcher,group(int)",11538.348.0,0.8,1,1
4616,"java.util.ListIterator,next()",4616.181.0,0.7777777777777778,1,1
13817,"org.columba.ristretto.message.MimeTree,getFirstTextPart(java.lang.String)",13817.468.1,0.7647058823529411,1,0
7121,"javax.swing.Action,actionPerformed(java.awt.event.ActionEvent)",7121.288.0 && 7121.289.0 && ,0.75,1,1
5951,"java.awt.font.TextLayout,draw(java.awt.Graphics2D,float,int)",5951.399.0,0.75,1,0
5561,"javax.swing.JPopupMenu,setVisible(boolean)",5561.224.0,0.75,1,0
489,"java.awt.event.KeyEvent,getKeyChar()",489.49.1,0.75,1,0
18768,"org.columba.ristretto.imap.MailboxStatus,getUnseen()",18768.493.0,0.75,1,0
12255,"com.sleepycat.bind.tuple.TupleInput,readString()",12255.488.1,0.75,1,0
1080,"javax.swing.JTable,getTableHeader()",1080.57.1,0.75,1,0
19204,"com.jniwrapper.win32.registry.RegistryKey,values()",19204.726.0,0.75,1,0
5925,"java.awt.font.LineBreakMeasurer,nextLayout(int,int,boolean)",5925.398.1,0.7142857142857143,1,1
1029,"javax.swing.DefaultListModel,addElement(org.columba.core.search.api.ISearchResult)",1029.310.0,0.6666666666666666,1,0
5584,"java.util.regex.Matcher,start()",5584.215.0 && 5584.738.0 && ,0.6666666666666666,1,1
8661,"com.jgoodies.looks.plastic.PlasticTheme,getName()",8661.332.1,0.6666666666666666,1,0
2696,"com.miginfocom.calendar.activity.recurrence.RecurrenceRule,getRepetitionCount()",2696.136.1,0.6666666666666666,1,0
2483,"java.util.Calendar,setTimeZone(net.fortuna.ical4j.model.TimeZone)",2483.119.0,0.6666666666666666,1,0
18073,"javax.swing.JComponent,getTransferHandler()",18073.677.1 && 18073.678.1 && ,0.6666666666666666,1,1
17686,"java.util.HashMap,get(java.lang.String)",17686.658.0,0.6666666666666666,1,0
11974,"org.columba.ristretto.message.Flags,getAnswered()",11974.668.0,0.6666666666666666,1,0
643,"java.awt.event.ActionEvent,getActionCommand()",643.249.1,0.6666666666666666,1,0
2700,"com.miginfocom.calendar.activity.recurrence.RecurrenceRule,getUntilDate()",2700.137.1,0.6666666666666666,1,1
2700,"com.miginfocom.calendar.activity.recurrence.RecurrenceRule,getUntilDate()",2700.139.0,0.6666666666666666,1,1
697,"javax.swing.JButton,setIcon(javax.swing.Icon)",697.334.0,0.6666666666666666,1,0
6284,"javax.swing.JComboBox,setSelectedIndex(int)",6284.251.0,0.6666666666666666,1,1
6284,"javax.swing.JComboBox,setSelectedIndex(int)",6284.46.0,0.6666666666666666,1,1
14207,"javax.swing.JSpinner,getValue()",14207.568.0 && 14207.569.0 && ,0.6666666666666666,1,1
14183,"javax.swing.JSpinner,setValue(java.lang.Integer)",14183.570.0 && 14183.571.0 && ,0.6666666666666666,1,1
6093,"javax.swing.ComboBoxModel,getElementAt(int)",6093.248.0,0.6666666666666666,1,0
11072,"java.nio.charset.Charset,forName(java.lang.String)",11072.447.0,0.6363636363636364,1,0
19200,"com.jniwrapper.win32.registry.RegistryKey,openSubKey(java.lang.String,boolean)",19200.727.0,0.625,1,0
4616,"java.util.ListIterator,next()",4616.178.0,0.6111111111111112,1,1
5585,"java.util.regex.Matcher,end()",5585.216.0 && 5585.739.0 && ,0.6,1,1
12005,"org.columba.ristretto.message.MimeHeader,getFileName()",12005.469.1,0.6,1,0
7889,"javax.swing.JList,setSelectedValue(java.lang.String,boolean)",7889.309.0,0.6,1,1
13541,"java.awt.datatransfer.Transferable,getTransferData(java.awt.datatransfer.DataFlavor)",13541.646.0,0.6,1,1
3967,"java.util.Vector,get(int)",3967.257.0,0.5714285714285714,1,1
18731,"org.columba.ristretto.imap.IMAPProtocol,getState()",18731.692.1,0.5714285714285714,1,0
1711,"org.jdom.Element,addContent(org.jdom.Element)",1711.105.0 && 1711.106.0 && ,0.5517241379310345,1,1
389,"javax.swing.JFileChooser,getSelectedFile()",389.24.0,0.5294117647058824,1,1
5429,"java.util.List,remove(org.columba.core.xml.XmlElement)",5429.6.0,0.5263157894736842,1,1
492,"javax.swing.JTextField,getText()",492.48.0,0.5102040816326531,1,1
13698,"org.columba.ristretto.message.MimeHeader,getContentDescription()",13698.529.1,0.5,1,1
17023,"org.columba.ristretto.message.MimePart,getChilds()",17023.627.0,0.5,1,0
1694,"java.util.ArrayList,toArray(java.lang.String)",1694.757.0,0.5,1,0
2482,"net.fortuna.ical4j.model.DateTime,getTimeZone()",2482.118.1,0.5,1,0
4620,"java.util.ListIterator,hasNext()",4620.180.0,0.5,1,0
9191,"java.io.File,toString()",9191.350.0 && 9191.358.0 && 9191.359.0 && ,0.5,1,1
9191,"java.io.File,toString()",9191.350.0 && 9191.358.0 && ,0.5,1,1
9191,"java.io.File,toString()",9191.358.0 && 9191.359.0 && ,0.5,1,1
9191,"java.io.File,toString()",9191.350.0 && 9191.359.0 && ,0.5,1,1
4492,"java.io.OutputStream,write(byte)",4492.339.0 && 4492.355.0 && ,0.5,1,1
8005,"javax.swing.table.TableModel,getValueAt(int,int)",8005.52.1,0.5,1,0
12310,"org.columba.ristretto.imap.ListInfo,getDelimiter()",12310.489.1,0.5,1,0
15303,"org.frapuccino.checkablelist.CheckableItemListTableModel,getElement(int)",15303.576.0,0.5,1,0
12769,"org.apache.lucene.index.IndexReader,getCurrentVersion(org.apache.lucene.store.Directory)",12769.505.0,0.5,1,0
9160,"java.io.File,mkdirs()",9160.349.0,0.5,1,0
2266,"java.util.Calendar,equals(java.util.Calendar)",2266.142.0,0.5,1,0
13351,"javax.swing.text.JTextComponent,getDocument()",13351.287.1,0.5,1,0
9335,"java.io.FileOutputStream,write(byte,int,int)",9335.364.0,0.5,1,0
15320,"org.frapuccino.checkablelist.CheckableItemListTableModel,updateRow(org.frapuccino.checkablelist.CheckableItemImpl)",15320.581.0,0.5,1,0
5580,"java.util.regex.Pattern,matcher(java.lang.String)",5580.453.0,0.46153846153846156,1,1
477,"java.util.Hashtable,get(java.lang.String)",477.304.0,0.45,1,1
477,"java.util.Hashtable,get(java.lang.String)",477.201.0 && 477.305.0 && ,0.45,1,1
11538,"java.util.regex.Matcher,group(int)",11538.731.0,0.45,1,1
2260,"java.util.Calendar,setTimeInMillis(long)",2260.117.0,0.4444444444444444,1,0
4601,"java.io.File,isDirectory()",4601.174.0,0.42857142857142855,1,0
9676,"java.io.File,getParentFile()",9676.558.0 && 9676.559.1 && ,0.42857142857142855,1,1
19532,"org.waffel.jscf.JSCFResultSet,getResultStream()",19532.616.0,0.42857142857142855,1,0
5929,"java.awt.font.TextLayout,getLeading()",5929.401.0,0.42857142857142855,1,1
5928,"java.awt.font.TextLayout,getDescent()",5928.400.0,0.42857142857142855,1,1
7820,"java.io.File,listFiles()",7820.308.0,0.4166666666666667,1,1
389,"javax.swing.JFileChooser,getSelectedFile()",389.149.0,0.4117647058823529,1,1
2565,"java.text.DateFormat,parse(java.lang.String)",2565.124.0,0.4,1,0
3613,"com.miginfocom.util.dates.DateRange,roll(int,int)",3613.156.0 && 3613.157.0 && 3613.158.0 && ,0.4,1,1
3613,"com.miginfocom.util.dates.DateRange,roll(int,int)",3613.157.0 && 3613.158.0 && ,0.4,1,1
3613,"com.miginfocom.util.dates.DateRange,roll(int,int)",3613.156.0 && 3613.158.0 && ,0.4,1,1
3813,"javax.swing.JComboBox,addItem(java.lang.String)",3813.41.0 && 3813.42.0 && ,0.4,1,1
4619,"java.util.ListIterator,remove()",4619.179.0 && 4619.182.0 && ,0.4,1,1
7889,"javax.swing.JList,setSelectedValue(java.lang.String,boolean)",7889.311.0,0.4,1,1
4398,"java.io.File,getAbsolutePath()",4398.361.0,0.4,1,1
11975,"org.columba.ristretto.message.Flags,getDraft()",11975.669.0 && 11975.670.0 && ,0.4,1,1
1692,"java.util.StringTokenizer,nextToken()",1692.102.0,0.4,1,1
12787,"java.util.LinkedList,add(java.lang.Integer)",12787.509.0,0.4,1,0
13541,"java.awt.datatransfer.Transferable,getTransferData(java.awt.datatransfer.DataFlavor)",13541.591.1,0.4,1,1
854,"javax.swing.JButton,setText(java.lang.String)",854.50.0,0.4,1,0
15375,"javax.swing.JTree,getPathForRow(int)",15375.582.1,0.4,1,0
8449,"javax.swing.JButton,setToolTipText(java.lang.String)",8449.599.0,0.4,1,0
528,"java.util.ResourceBundle,getString(java.lang.String)",528.409.0,0.4,1,0
