Filename, Method, Violated API, Violation Pattern, Pattern Type, Support, UsedForDefectDetection
Pass3bVerifier.java,circulationPump,"java.util.ArrayList,get(int)","((java.util.ArrayList,get(int)#ARGUMENT_PATTERNS#GEN_EQUALITY_CHECK#0# ^^ java.util.ArrayList,get(int)#ARGUMENT_PATTERNS#GEN_EQUALITY_CHECK#0#) || (java.util.ArrayList,get(int)#ARGUMENT_PATTERNS#METHODARG_TRUE_FALSE_CHECK#0#0 ^^ java.util.ArrayList,size()#RETURN_PATTERNS#GEN_EQUALITY_CHECK#0#))",COMBO_PATTERN,1,1
InstConstraintVisitor.java,constraintViolated,"java.lang.Class,getName()","java.lang.Class,isArray()#RETURN_PATTERNS#TRUE_FALSE_CHECK#0#0",COMBO_PATTERN,0.5,0
Pass2Verifier.java,every_class_has_an_accessible_superclass,"java.util.Set,add(org.apache.bcel.classfile.JavaClass)","(java.util.Set,contains(java.lang.String)#RETURN_PATTERNS#TRUE_FALSE_CHECK#0#0 ^^ java.util.Iterator,hasNext()#RETURN_PATTERNS#TRUE_FALSE_CHECK#0#0)",COMBO_PATTERN,0.5,1
OperandStack.java,clone,"java.util.ArrayList,clone()","java.util.ArrayList,clone()#RECEIVER_PATTERNS#METHODARG_TRUE_FALSE_CHECK#0#0",COMBO_PATTERN,0.4,0
InstructionList.java,copy,"java.util.Map,put(java.lang.String,org.apache.bcel.classfile.AttributeReader)","(((java.util.Map,containsKey(java.lang.String)#RETURN_PATTERNS#TRUE_FALSE_CHECK#0#0 && java.util.Map,put(java.lang.String,org.apache.bcel.generic.ConstantPoolGen.Index)#ARGUMENT_PATTERNS#METHODARG_TRUE_FALSE_CHECK#0#0) ^^ java.util.Map,put(org.apache.bcel.generic.InstructionHandle,org.apache.bcel.generic.BranchHandle)#ARGUMENT_PATTERNS#NULL_CHECK#0#) ^^ java.util.Map,get(java.lang.String)#RETURN_PATTERNS#NULL_CHECK#0#)",COMBO_PATTERN,0.818181818,1
OperandStack.java,merge,"java.util.ArrayList,get(int)","((java.util.ArrayList,get(int)#ARGUMENT_PATTERNS#GEN_EQUALITY_CHECK#0# ^^ java.util.ArrayList,get(int)#ARGUMENT_PATTERNS#GEN_EQUALITY_CHECK#0#) || (java.util.ArrayList,get(int)#ARGUMENT_PATTERNS#METHODARG_TRUE_FALSE_CHECK#0#0 ^^ java.util.ArrayList,size()#RETURN_PATTERNS#GEN_EQUALITY_CHECK#0#))",COMBO_PATTERN,1,1
ExceptionHandlers.java,ExceptionHandlers,"java.util.Set,add(org.apache.bcel.classfile.JavaClass)","(java.util.Set,contains(java.lang.String)#RETURN_PATTERNS#TRUE_FALSE_CHECK#0#0 ^^ java.util.Iterator,hasNext()#RETURN_PATTERNS#TRUE_FALSE_CHECK#0#0)",COMBO_PATTERN,0.5,1
ClassParser.java,ClassParser,"java.lang.Class,getName()","java.lang.Class,isArray()#RETURN_PATTERNS#TRUE_FALSE_CHECK#0#0",COMBO_PATTERN,0.5,0
JavaClass.java,getAllInterfaces,"java.util.Set,add(org.apache.bcel.classfile.JavaClass)","(java.util.Set,contains(java.lang.String)#RETURN_PATTERNS#TRUE_FALSE_CHECK#0#0 ^^ java.util.Iterator,hasNext()#RETURN_PATTERNS#TRUE_FALSE_CHECK#0#0)",COMBO_PATTERN,0.5,1
ClassPath.java,getClassPath,"java.util.List,add(org.apache.bcel.classfile.JavaClass)","(java.util.List,add(org.apache.bcel.classfile.JavaClass)#ARGUMENT_PATTERNS#NULL_CHECK#0# ^^ java.util.List,add(org.apache.bcel.generic.BranchInstruction)#ARGUMENT_PATTERNS#INSTANCEARG_TRUE_FALSE_CHECK#0#)",COMBO_PATTERN,0.4,1
Subroutines.java,getRecursivelyAccessedLocalsIndices,"java.util.Set,add(org.apache.bcel.classfile.JavaClass)","(java.util.Set,contains(java.lang.String)#RETURN_PATTERNS#TRUE_FALSE_CHECK#0#0 ^^ java.util.Iterator,hasNext()#RETURN_PATTERNS#TRUE_FALSE_CHECK#0#0)",COMBO_PATTERN,0.5,1
Subroutines.java,Subroutines,"java.util.Set,add(org.apache.bcel.classfile.JavaClass)","(java.util.Set,contains(java.lang.String)#RETURN_PATTERNS#TRUE_FALSE_CHECK#0#0 ^^ java.util.Iterator,hasNext()#RETURN_PATTERNS#TRUE_FALSE_CHECK#0#0)",COMBO_PATTERN,0.5,1
Utility.java,methodSignatureArgumentTypes,"java.util.List,add(org.apache.bcel.classfile.JavaClass)","(java.util.List,add(org.apache.bcel.classfile.JavaClass)#ARGUMENT_PATTERNS#NULL_CHECK#0# ^^ java.util.List,add(org.apache.bcel.generic.BranchInstruction)#ARGUMENT_PATTERNS#INSTANCEARG_TRUE_FALSE_CHECK#0#)",COMBO_PATTERN,0.4,1
InstructionList.java,copy,"java.util.Map,get(java.lang.String)","(java.util.Map,containsKey(java.lang.String)#RETURN_PATTERNS#TRUE_FALSE_CHECK#0#0 ^^ java.util.Map,get(java.lang.String)#RETURN_PATTERNS#NULL_CHECK#1#)",COMBO_PATTERN,0.625,1
Type.java,getArgumentTypes,"java.util.List,add(org.apache.bcel.classfile.JavaClass)","(java.util.List,add(org.apache.bcel.classfile.JavaClass)#ARGUMENT_PATTERNS#NULL_CHECK#0# ^^ java.util.List,add(org.apache.bcel.generic.BranchInstruction)#ARGUMENT_PATTERNS#INSTANCEARG_TRUE_FALSE_CHECK#0#)",COMBO_PATTERN,0.4,1
Pass2Verifier.java,final_methods_are_not_overridden,"java.util.Map,put(java.lang.String,org.apache.bcel.classfile.AttributeReader)","(((java.util.Map,containsKey(java.lang.String)#RETURN_PATTERNS#TRUE_FALSE_CHECK#0#0 && java.util.Map,put(java.lang.String,org.apache.bcel.generic.ConstantPoolGen.Index)#ARGUMENT_PATTERNS#METHODARG_TRUE_FALSE_CHECK#0#0) ^^ java.util.Map,put(org.apache.bcel.generic.InstructionHandle,org.apache.bcel.generic.BranchHandle)#ARGUMENT_PATTERNS#NULL_CHECK#0#) ^^ java.util.Map,get(java.lang.String)#RETURN_PATTERNS#NULL_CHECK#0#)",COMBO_PATTERN,0.818181818,1
ClassPath.java,ClassPath,"java.util.List,add(org.apache.bcel.classfile.JavaClass)","(java.util.List,add(org.apache.bcel.classfile.JavaClass)#ARGUMENT_PATTERNS#NULL_CHECK#0# ^^ java.util.List,add(org.apache.bcel.generic.BranchInstruction)#ARGUMENT_PATTERNS#INSTANCEARG_TRUE_FALSE_CHECK#0#)",COMBO_PATTERN,0.4,1
InstructionFinder.java,search,"java.util.List,add(org.apache.bcel.classfile.JavaClass)","(java.util.List,add(org.apache.bcel.classfile.JavaClass)#ARGUMENT_PATTERNS#NULL_CHECK#0# ^^ java.util.List,add(org.apache.bcel.generic.BranchInstruction)#ARGUMENT_PATTERNS#INSTANCEARG_TRUE_FALSE_CHECK#0#)",COMBO_PATTERN,0.4,1
Pass3bVerifier.java,circulationPump,"java.util.ArrayList,add(org.apache.bcel.generic.ClassObserver)","java.util.Iterator,hasNext()#RETURN_PATTERNS#TRUE_FALSE_CHECK#0#0",COMBO_PATTERN,0.555555556,0
Utility.java,write,"java.io.Writer,write(int)","java.io.Writer,write(int)#ARGUMENT_PATTERNS#GEN_EQUALITY_CHECK#0#",COMBO_PATTERN,0.428571429,0
Pass3bVerifier.java,circulationPump,"java.util.ArrayList,clone()","java.util.ArrayList,clone()#RECEIVER_PATTERNS#METHODARG_TRUE_FALSE_CHECK#0#0",COMBO_PATTERN,0.4,0
Verifier.java,getMessages,"java.util.ArrayList,add(org.apache.bcel.generic.ClassObserver)","java.util.Iterator,hasNext()#RETURN_PATTERNS#TRUE_FALSE_CHECK#0#0",COMBO_PATTERN,0.555555556,0
InstructionList.java,getInstructions,"java.util.List,add(org.apache.bcel.classfile.JavaClass)","(java.util.List,add(org.apache.bcel.classfile.JavaClass)#ARGUMENT_PATTERNS#NULL_CHECK#0# ^^ java.util.List,add(org.apache.bcel.generic.BranchInstruction)#ARGUMENT_PATTERNS#INSTANCEARG_TRUE_FALSE_CHECK#0#)",COMBO_PATTERN,0.4,1
InvokeInstruction.java,toString,"java.util.StringTokenizer,nextToken()","java.util.StringTokenizer,hasMoreTokens()#RETURN_PATTERNS#TRUE_FALSE_CHECK#0#0",COMBO_PATTERN,0.6,0
