Filename, Method, Violated API, Violation Pattern, Pattern Type, Support, UsedForDefectDetection
InstConstraintVisitor.java,constraintViolated,"java.lang.Class,getName()","java.lang.Class,isArray()#RETURN_PATTERNS#TRUE_FALSE_CHECK#0#0",AND_PATTERN,0.5,0
OperandStack.java,clone,"java.util.ArrayList,clone()","java.util.ArrayList,clone()#RECEIVER_PATTERNS#METHODARG_TRUE_FALSE_CHECK#0#0",AND_PATTERN,0.4,0
InstructionList.java,copy,"java.util.Map,put(java.lang.String,org.apache.bcel.classfile.AttributeReader)","java.util.Map,containsKey(java.lang.String)#RETURN_PATTERNS#TRUE_FALSE_CHECK#0#0 && java.util.Map,put(java.lang.String,org.apache.bcel.generic.ConstantPoolGen.Index)#ARGUMENT_PATTERNS#METHODARG_TRUE_FALSE_CHECK#0#0 && ",AND_PATTERN,0.545454545,1
ClassParser.java,ClassParser,"java.lang.Class,getName()","java.lang.Class,isArray()#RETURN_PATTERNS#TRUE_FALSE_CHECK#0#0",AND_PATTERN,0.5,0
Pass2Verifier.java,final_methods_are_not_overridden,"java.util.Map,put(java.lang.String,org.apache.bcel.classfile.AttributeReader)","java.util.Map,containsKey(java.lang.String)#RETURN_PATTERNS#TRUE_FALSE_CHECK#0#0 && java.util.Map,put(java.lang.String,org.apache.bcel.generic.ConstantPoolGen.Index)#ARGUMENT_PATTERNS#METHODARG_TRUE_FALSE_CHECK#0#0 && ",AND_PATTERN,0.545454545,1
Pass3bVerifier.java,circulationPump,"java.util.ArrayList,add(org.apache.bcel.generic.ClassObserver)","java.util.Iterator,hasNext()#RETURN_PATTERNS#TRUE_FALSE_CHECK#0#0",AND_PATTERN,0.555555556,0
Utility.java,write,"java.io.Writer,write(int)","java.io.Writer,write(int)#ARGUMENT_PATTERNS#GEN_EQUALITY_CHECK#0#",AND_PATTERN,0.428571429,0
Pass3bVerifier.java,circulationPump,"java.util.ArrayList,clone()","java.util.ArrayList,clone()#RECEIVER_PATTERNS#METHODARG_TRUE_FALSE_CHECK#0#0",AND_PATTERN,0.4,0
Verifier.java,getMessages,"java.util.ArrayList,add(org.apache.bcel.generic.ClassObserver)","java.util.Iterator,hasNext()#RETURN_PATTERNS#TRUE_FALSE_CHECK#0#0",AND_PATTERN,0.555555556,0
InvokeInstruction.java,toString,"java.util.StringTokenizer,nextToken()","java.util.StringTokenizer,hasMoreTokens()#RETURN_PATTERNS#TRUE_FALSE_CHECK#0#0",AND_PATTERN,0.6,0
