ID, APIName, Pattern, Support, HasAndPatterns, UsedForDefectDetection
1205,"java.lang.Number,floatValue()",1205.26.0,1.0,1,1
1205,"java.lang.Number,floatValue()",1205.23.0,1.0,1,1
1205,"java.lang.Number,floatValue()",1205.22.0,1.0,1,1
1205,"java.lang.Number,floatValue()",1205.24.0,1.0,1,1
1205,"java.lang.Number,floatValue()",1205.25.0,1.0,1,1
1206,"java.lang.Number,longValue()",1206.28.0,1.0,1,1
1206,"java.lang.Number,longValue()",1206.29.0,1.0,1,1
1206,"java.lang.Number,longValue()",1206.30.0,1.0,1,1
1206,"java.lang.Number,longValue()",1206.32.0,1.0,1,1
1206,"java.lang.Number,longValue()",1206.27.0,1.0,1,1
1206,"java.lang.Number,longValue()",1206.31.0,1.0,1,1
1203,"java.lang.Number,intValue()",1203.15.0,1.0,1,1
1203,"java.lang.Number,intValue()",1203.16.0,1.0,1,1
1203,"java.lang.Number,intValue()",1203.17.0,1.0,1,1
1204,"java.lang.Number,doubleValue()",1204.21.0,1.0,1,1
1204,"java.lang.Number,doubleValue()",1204.19.0,1.0,1,1
1204,"java.lang.Number,doubleValue()",1204.20.0,1.0,1,1
1204,"java.lang.Number,doubleValue()",1204.18.0,1.0,1,1
3472,"java.lang.Class,isInstance(org.apache.bcel.classfile.Constant)",3472.117.0,1.0,1,0
3275,"java.util.Iterator,next()",3275.14.0,1.0,1,0
61,"java.io.DataOutputStream,write(byte,int,int)",61.5.0,1.0,1,0
1227,"java.util.List,set(int,org.apache.bcel.generic.LocalVariableGen)",1227.34.0,1.0,1,1
1227,"java.util.List,set(int,org.apache.bcel.generic.LocalVariableGen)",1227.33.0,1.0,1,1
3191,"java.lang.ClassLoader,getResourceAsStream(java.lang.String)",3191.101.1,1.0,1,0
1250,"java.util.List,get(int)",1250.36.0,1.0,1,1
1250,"java.util.List,get(int)",1250.37.0,1.0,1,1
3780,"java.util.ArrayList,set(int,org.apache.bcel.generic.ObjectType)",3780.142.0,1.0,1,1
3284,"java.util.ArrayList,get(int)",(3284.140.0 ^^ 3284.111.0),0.9444444444444444,1,1
1113,"java.util.Map,put(java.lang.String,org.apache.bcel.classfile.AttributeReader)",(1113.77.0 ^^ 1113.81.0),0.8636363636363636,1,1
3235,"java.util.Hashtable,put(java.lang.String,java.lang.Class)",3235.123.0,0.8571428571428571,1,0
3231,"java.util.Hashtable,get(java.lang.String)",3231.127.0,0.75,1,0
1227,"java.util.List,set(int,org.apache.bcel.generic.LocalVariableGen)",1227.47.0,0.6666666666666666,1,1
3780,"java.util.ArrayList,set(int,org.apache.bcel.generic.ObjectType)",3780.143.0,0.6666666666666666,1,1
1113,"java.util.Map,put(java.lang.String,org.apache.bcel.classfile.AttributeReader)",(1113.78.0 ^^ 1113.109.0),0.6363636363636364,1,1
1119,"java.util.Map,get(java.lang.String)",(1119.104.0 ^^ 1119.107.1),0.625,0,1
1739,"java.util.StringTokenizer,nextToken()",1739.3.0,0.6,1,0
2013,"java.util.ArrayList,add(org.apache.bcel.generic.ClassObserver)",2013.110.0,0.5555555555555556,1,0
429,"java.lang.Class,getName()",429.63.0,0.5,1,0
231,"java.util.Set,add(org.apache.bcel.classfile.JavaClass)",(231.115.0 ^^ 231.122.0),0.5,0,1
3284,"java.util.ArrayList,get(int)",(3284.141.0 ^^ 3284.112.0),0.5,1,1
999,"java.io.Writer,write(int)",999.13.0,0.42857142857142855,1,0
226,"java.util.List,add(org.apache.bcel.classfile.JavaClass)",(226.4.0 ^^ 226.85.0),0.4,0,1
3635,"java.util.ArrayList,clone()",3635.148.0,0.4,1,0
