<?xml version="1.0"?>
<TRACE>
<node nodeId="3f28bd5f-82a4-4910-be66-8445a56fdbca" hostname="EB2-2241-GRD02" ipaddress="152.14.90.8,10.254.254.253,127.0.0.1" timezone="300" time="1253510128.407276868"/><processCreate processId="5a1f6029-91af-4dbe-b9f0-4f8ad98e0957" pid="3828" nodeIdRef="3f28bd5f-82a4-4910-be66-8445a56fdbca" time="1253510128.407276868"/><agentCreate agentId="54f7c734-2b95-49f6-9767-66f4b08c6e89" version="1.000" processIdRef="5a1f6029-91af-4dbe-b9f0-4f8ad98e0957" agentName="Java Profiling Agent" agentType="Profiler" agentParameters="server=enabled" time="1253510128.656999826"/><traceStart traceId="6521efff-bc75-4df8-b678-356445a4b47e" agentIdRef="54f7c734-2b95-49f6-9767-66f4b08c6e89" time="1253510266.921736478"/><filter pattern="com.ibm" mode="EXCLUDE" genericPattern="SUFFIX" methodPattern="" methodMode="EXCLUDE" methodGenericPattern="PREFIX"/><filter pattern="com.sun" mode="EXCLUDE" genericPattern="SUFFIX" methodPattern="" methodMode="EXCLUDE" methodGenericPattern="PREFIX"/><filter pattern="COM.ibm" mode="EXCLUDE" genericPattern="SUFFIX" methodPattern="" methodMode="EXCLUDE" methodGenericPattern="PREFIX"/><filter pattern="java" mode="EXCLUDE" genericPattern="SUFFIX" methodPattern="" methodMode="EXCLUDE" methodGenericPattern="PREFIX"/><filter pattern="org" mode="EXCLUDE" genericPattern="SUFFIX" methodPattern="" methodMode="EXCLUDE" methodGenericPattern="PREFIX"/><filter pattern="sun" mode="EXCLUDE" genericPattern="SUFFIX" methodPattern="" methodMode="EXCLUDE" methodGenericPattern="PREFIX"/><option key="CLASS_LOAD_DETAILS" value="false"/><option key="METHOD_DETAILS" value="false"/><option key="COLLATION_VALUES" value="false"/><option key="CONTEXT_FLOW" value="false"/><option key="FILTERS" value="true"/><option key="TRACK_GC_EVENT_TYPES" value="frees"/><option key="ID_STYLE" value="static"/><option key="OBJ_REF_MODE" value="filterOwner"/><option key="METHOD_COUNTS" value="false"/><option key="OBJ_ALLOC_IS_ARRAY" value="true"/><option key="OPTIONS" value="true"/><option key="STACK_INFORMATION" value="normal"/><option key="COMPRESS" value="aggregate"/><option key="TRACE_MODE" value="noObjectCorrelation"/><option key="TICKET" value="true"/><option key="TIMESTAMPS" value="true"/><option key="TRACE_IDREFS" value="false"/><option key="UNREFERENCED_SYMBOLS" value="false"/><option key="CPU_TIME" value="false"/><option key="LLDATA_ENABLED" value="false"/><option key="HEAP_INFO_FILE_PREFIX" value="optHeap"/><option key="MONITOR_MODE" value="none"/><option key="METHOD_COUNTS_ONLY" value="false"/><option key="EXTENSION_LIBRARY" value="C:\tptpAC\plugins\org.eclipse.hyades.probekit\lib\ProbeAgentExtension.dll"/><option key="org.eclipse.hyades.trace.ui.ATTR_FILTER_SET" value="org.eclipse.hyades.trace.ui.filterSet.default"/><option key="org.eclipse.hyades.trace.ui.ATTR_SHOW_EXECUTION_FLOW" value="false"/><option key="org.eclipse.hyades.trace.ui.ATTR_EXEC_POLLING_FREQ_MODE" value="true"/><threadStart threadId="12" time="1253510266.930599212" threadName="Thread-5" groupName="main" parentName="system" objIdRef="0"/><threadEnd threadIdRef="12" time="1253510266.931443929"/><threadStart threadId="11" time="1253510267.130066156" threadName="Thread-4" groupName="main" parentName="system" objIdRef="0"/><threadStart threadId="8" time="1253510267.428692340" threadName="Thread-1" groupName="main" parentName="system" objIdRef="0"/><threadStart threadId="9" time="1253510267.954489469" threadName="Thread-2" groupName="main" parentName="system" objIdRef="0"/><threadStart threadId="7" time="1253510268.033824205" threadName="Thread-0" groupName="main" parentName="system" objIdRef="0"/><threadStart threadId="10" time="1253510268.542953014" threadName="Thread-3" groupName="main" parentName="system" objIdRef="0"/>